<keymap version="1" name="Default copy" parent="$default">
  <action id="CheckinProject">
    <keyboard-shortcut first-keystroke="ctrl k" />
    <keyboard-shortcut first-keystroke="ctrl k" second-keystroke="ctrl k" />
  </action>
  <action id="CloseActiveTab" />
  <action id="CloseContent">
    <keyboard-shortcut first-keystroke="ctrl w" />
  </action>
  <action id="EditorSelectWord" />
  <action id="MainMenu">
    <keyboard-shortcut first-keystroke="alt v" />
  </action>
  <action id="NewClass">
    <keyboard-shortcut first-keystroke="ctrl k" second-keystroke="n" />
    <keyboard-shortcut first-keystroke="ctrl alt n" />
  </action>
  <action id="Scala.NewClass">
    <keyboard-shortcut first-keystroke="ctrl s" second-keystroke="ctrl s" />
  </action>
  <action id="Scala.ShowImplicits">
    <keyboard-shortcut first-keystroke="shift ctrl alt equals" />
    <keyboard-shortcut first-keystroke="shift ctrl alt add" />
  </action>
  <action id="ToggleFullScreen">
    <keyboard-shortcut first-keystroke="shift alt f11" />
  </action>
  <action id="Vcs.ToggleAmendCommitMode" />
  <action id="ViewMainMenu">
    <keyboard-shortcut first-keystroke="alt m" second-keystroke="alt m" />
  </action>
</keymap>