<keymap version="1" name="Default copy" parent="$default">
  <action id="MainMenu">
    <keyboard-shortcut first-keystroke="alt v" />
  </action>
  <action id="NewClass">
    <keyboard-shortcut first-keystroke="ctrl k" second-keystroke="n" />
    <keyboard-shortcut first-keystroke="ctrl alt n" />
  </action>
  <action id="Scala.ShowImplicits">
    <keyboard-shortcut first-keystroke="shift ctrl alt equals" />
    <keyboard-shortcut first-keystroke="shift ctrl alt add" />
  </action>
  <action id="ToggleFullScreen">
    <keyboard-shortcut first-keystroke="shift alt f11" />
  </action>
</keymap>